<?xml version="1.0" encoding="UTF-8"?>
<project-private xmlns="http://www.netbeans.org/ns/project-private/1">
    <editor-bookmarks xmlns="http://www.netbeans.org/ns/editor-bookmarks/2" lastBookmarkId="0"/>
    <open-files xmlns="http://www.netbeans.org/ns/projectui-open-files/2">
        <group>
            <file>file:/Users/Martin/Desktop/ProyectoFinal/web/verPregunta.js</file>
            <file>file:/Users/Martin/Desktop/ProyectoFinal/src/java/PaqueteServlet/MostrarPregunta.java</file>
            <file>file:/Users/Martin/Desktop/ProyectoFinal/web/FormSubirArchivo.js</file>
            <file>file:/Users/Martin/Desktop/ProyectoFinal/web/tablapreguntas.js</file>
            <file>file:/Users/Martin/Desktop/ProyectoFinal/web/editarExamen.js</file>
            <file>file:/Users/Martin/Desktop/ProyectoFinal/src/java/PaqueteServlet/EditarExamen.java</file>
            <file>file:/Users/Martin/Desktop/ProyectoFinal/web/LoginCorrecto.js</file>
        </group>
    </open-files>
</project-private>
